City_ID,City,Country,Lat,Lng,Max Temp,Humidity,Cloudiness,Wind Speed,Current Description,Date
0,Kaihua,CN,23.3687,104.28,58.96,99,100,4.16,overcast clouds,2021-10-30 22:49:31
1,Ushuaia,AR,-54.8,-68.3,51.46,46,0,18.41,clear sky,2021-10-30 22:46:37
2,Luderitz,NA,-26.6481,15.1594,58.48,93,9,3.0,clear sky,2021-10-30 22:49:32
3,Vila Franca Do Campo,PT,37.7167,-25.4333,74.19,93,100,14.43,overcast clouds,2021-10-30 22:49:32
4,Kapaa,US,22.0752,-159.319,80.58,86,40,4.0,scattered clouds,2021-10-30 22:49:33
5,Barrow,US,71.2906,-156.7887,15.82,86,90,4.61,overcast clouds,2021-10-30 22:49:34
6,Port Alfred,ZA,-33.5906,26.891,65.75,81,85,4.52,overcast clouds,2021-10-30 22:46:10
7,Arraial Do Cabo,BR,-22.9661,-42.0278,69.76,100,75,8.05,broken clouds,2021-10-30 22:49:35
8,Saskylakh,RU,71.9167,114.0833,12.45,92,100,12.35,overcast clouds,2021-10-30 22:49:36
9,Mataura,NZ,-46.1927,168.8643,48.25,97,100,14.07,light rain,2021-10-30 22:49:36
10,Cabinda,AO,-5.55,12.2,77.56,86,91,8.52,light rain,2021-10-30 22:49:37
11,Hua Hin,TH,12.5707,99.9588,77.45,87,100,4.23,overcast clouds,2021-10-30 22:49:37
12,New Norfolk,AU,-42.7826,147.0587,59.67,42,91,8.25,overcast clouds,2021-10-30 22:49:38
13,Nikolskoye,RU,59.7035,30.7861,47.01,93,93,7.2,overcast clouds,2021-10-30 22:49:39
14,Izumo,JP,35.3667,132.7667,57.15,100,40,3.44,scattered clouds,2021-10-30 22:49:39
15,Corner Brook,CA,48.9667,-57.9484,39.33,69,1,1.54,clear sky,2021-10-30 22:49:40
16,Upernavik,GL,72.7868,-56.1549,28.13,62,100,11.95,overcast clouds,2021-10-30 22:49:40
17,Rikitea,PF,-23.1203,-134.9692,75.13,85,84,21.0,light rain,2021-10-30 22:47:06
18,Portland,US,45.5234,-122.6762,63.59,39,20,1.99,few clouds,2021-10-30 22:47:36
19,Georgetown,MY,5.4112,100.3354,78.73,92,40,5.99,scattered clouds,2021-10-30 22:45:10
20,Kapoeta,SS,4.7717,33.5903,81.82,42,96,5.53,overcast clouds,2021-10-30 22:49:42
21,Guerrero Negro,MX,27.9769,-114.0611,73.04,57,0,13.35,clear sky,2021-10-30 22:49:42
22,Busselton,AU,-33.65,115.3333,53.58,83,95,4.29,overcast clouds,2021-10-30 22:49:43
23,Cape Town,ZA,-33.9258,18.4232,62.11,79,0,6.91,clear sky,2021-10-30 22:45:43
24,Talagang,PK,32.9297,72.4158,65.32,38,0,2.37,clear sky,2021-10-30 22:49:44
25,Soyo,AO,-6.1349,12.3689,77.54,84,96,9.95,overcast clouds,2021-10-30 22:49:44
26,Leh,IN,34.1667,77.5833,23.38,58,6,4.5,clear sky,2021-10-30 22:49:45
27,Srednekolymsk,RU,67.45,153.6833,-4.4,96,100,6.13,overcast clouds,2021-10-30 22:49:45
28,Asau,RO,46.4333,26.4,39.76,95,0,2.26,clear sky,2021-10-30 22:49:46
29,Puerto Escondido,MX,15.85,-97.0667,82.6,77,83,3.24,broken clouds,2021-10-30 22:49:46
30,Bengkulu,ID,-3.8004,102.2655,76.01,90,100,5.53,overcast clouds,2021-10-30 22:49:47
31,Tuktoyaktuk,CA,69.4541,-133.0374,17.6,93,90,9.22,mist,2021-10-30 22:49:47
32,Iqaluit,CA,63.7506,-68.5145,37.13,69,75,11.99,broken clouds,2021-10-30 22:49:48
33,Khatanga,RU,71.9667,102.5,-1.91,99,83,0.81,broken clouds,2021-10-30 22:49:48
34,Hilo,US,19.7297,-155.09,82.13,72,40,8.05,scattered clouds,2021-10-30 22:47:31
35,Moa,CU,20.6569,-74.9403,80.31,76,98,1.63,overcast clouds,2021-10-30 22:49:49
36,Borogontsy,RU,62.6683,131.1683,-7.2,100,78,3.56,broken clouds,2021-10-30 22:49:50
37,Isangel,VU,-19.55,169.2667,82.51,61,1,3.44,clear sky,2021-10-30 22:49:50
38,Obong,PH,9.741,123.5098,76.21,90,100,15.77,overcast clouds,2021-10-30 22:49:51
39,Saint-Augustin,CA,51.226,-58.6502,43.97,60,9,2.57,clear sky,2021-10-30 22:49:52
40,Clyde River,CA,70.4692,-68.5914,28.63,100,90,26.46,snow,2021-10-30 22:49:52
41,Norman Wells,CA,65.282,-126.8329,19.44,93,40,4.61,scattered clouds,2021-10-30 22:49:53
42,Yellowknife,CA,62.456,-114.3525,29.41,85,75,8.01,broken clouds,2021-10-30 22:45:32
43,Klyuchi,RU,52.2667,79.1667,37.15,62,100,15.48,overcast clouds,2021-10-30 22:49:54
44,Namibe,AO,-15.1961,12.1522,66.06,79,58,7.38,broken clouds,2021-10-30 22:49:54
45,Meulaboh,ID,4.1363,96.1285,75.31,87,92,4.61,overcast clouds,2021-10-30 22:49:55
46,Seddon,AU,-37.8068,144.8916,60.3,70,20,6.91,few clouds,2021-10-30 22:49:55
47,Marica,BR,-22.9194,-42.8186,73.56,90,100,11.79,overcast clouds,2021-10-30 22:49:10
48,Saint Anthony,US,45.0205,-93.218,58.89,59,1,1.01,clear sky,2021-10-30 22:49:56
49,Hobyo,SO,5.3505,48.5268,79.61,69,9,13.6,clear sky,2021-10-30 22:49:57
50,Mandera,KE,3.9366,41.867,83.35,44,80,8.08,broken clouds,2021-10-30 22:49:58
51,Lebu,CL,-37.6167,-73.65,53.06,82,100,13.6,overcast clouds,2021-10-30 22:45:59
52,Qaanaaq,GL,77.484,-69.3632,2.21,54,0,7.85,clear sky,2021-10-30 22:46:36
53,Kaitangata,NZ,-46.2817,169.8464,50.41,92,99,18.39,light rain,2021-10-30 22:49:59
54,Fremont,US,37.5483,-121.9886,71.22,78,75,5.01,broken clouds,2021-10-30 22:47:46
55,Provideniya,RU,64.3833,-173.3,15.21,73,90,9.78,overcast clouds,2021-10-30 22:50:00
56,Nisia Floresta,BR,-6.0911,-35.2086,80.98,74,24,13.4,few clouds,2021-10-30 22:50:01
57,Beringovskiy,RU,63.05,179.3167,8.06,94,98,19.04,overcast clouds,2021-10-30 22:50:02
58,Tateyama,JP,34.9833,139.8667,60.03,73,99,6.15,light rain,2021-10-30 22:50:03
59,Cherskiy,RU,68.75,161.3,-0.2,98,100,5.86,light snow,2021-10-30 22:46:38
60,Rio Sereno,PA,8.8167,-82.8667,69.84,98,100,0.67,heavy intensity rain,2021-10-30 22:50:04
61,Vardo,NO,70.3705,31.1107,38.77,73,97,10.4,overcast clouds,2021-10-30 22:50:05
62,Saint-Philippe,RE,-21.3585,55.7679,69.39,81,74,2.33,broken clouds,2021-10-30 22:50:06
63,Kruisfontein,ZA,-34.0033,24.7314,52.88,92,2,3.67,clear sky,2021-10-30 22:50:07
64,Port Hardy,CA,50.6996,-127.4199,46.58,71,20,3.44,few clouds,2021-10-30 22:50:07
65,Albany,US,42.6001,-73.9662,57.78,92,95,1.01,overcast clouds,2021-10-30 22:50:08
66,Punta Arenas,CL,-53.15,-70.9167,53.71,43,0,14.97,clear sky,2021-10-30 22:50:08
67,Hermanus,ZA,-34.4187,19.2345,61.9,89,48,8.39,scattered clouds,2021-10-30 22:50:09
68,Castro,BR,-24.7911,-50.0119,60.85,96,89,8.34,overcast clouds,2021-10-30 22:50:09
69,Katsuura,JP,35.1333,140.3,60.12,74,100,4.29,overcast clouds,2021-10-30 22:50:10
70,Mahebourg,MU,-20.4081,57.7,70.25,94,20,3.44,few clouds,2021-10-30 22:47:53
71,Esperance,AU,-33.8667,121.9,55.24,56,11,13.94,few clouds,2021-10-30 22:50:11
72,Rawson,AR,-43.3002,-65.1023,48.92,63,87,22.17,overcast clouds,2021-10-30 22:50:11
73,Tabuk,PH,17.4189,121.4443,72.27,85,28,1.48,scattered clouds,2021-10-30 22:50:12
74,Qaqortoq,GL,60.7167,-46.0333,29.86,74,86,4.07,overcast clouds,2021-10-30 22:50:12
75,Bathsheba,BB,13.2167,-59.5167,81.21,74,20,13.8,few clouds,2021-10-30 22:50:13
76,Klaksvik,FO,62.2266,-6.589,47.32,92,100,13.82,overcast clouds,2021-10-30 22:50:14
77,Vaini,TO,-21.2,-175.2,78.96,83,20,11.5,few clouds,2021-10-30 22:50:14
78,Caravelas,BR,-17.7125,-39.2481,73.24,88,96,7.29,overcast clouds,2021-10-30 22:50:15
79,Puerto Del Rosario,ES,28.5004,-13.8627,69.55,78,0,10.36,clear sky,2021-10-30 22:50:15
80,Puerto Ayora,EC,-0.7393,-90.3518,78.76,84,95,8.59,overcast clouds,2021-10-30 22:50:16
81,Avarua,CK,-21.2078,-159.775,77.05,57,98,13.8,overcast clouds,2021-10-30 22:50:16
82,Ekibastuz,KZ,51.6667,75.3667,37.89,80,100,23.02,moderate rain,2021-10-30 22:50:17
83,Bethel,US,41.3712,-73.414,58.05,92,90,3.0,overcast clouds,2021-10-30 22:50:17
84,Victoria,HK,22.2855,114.1577,75.33,84,90,3.0,overcast clouds,2021-10-30 22:49:33
85,Fortuna,US,40.5982,-124.1573,67.93,69,1,3.0,clear sky,2021-10-30 22:50:18
86,Torbay,CA,47.6666,-52.7314,40.75,81,1,4.61,clear sky,2021-10-30 22:50:19
87,Bloemfontein,ZA,-29.1211,26.214,53.08,66,0,5.75,clear sky,2021-10-30 22:47:25
88,Laizhou,CN,37.1717,119.9214,55.45,82,82,1.5,broken clouds,2021-10-30 22:50:20
89,Faanui,PF,-16.4833,-151.75,78.13,69,15,15.43,few clouds,2021-10-30 22:50:20
90,Turayf,SA,31.6725,38.6637,66.45,48,75,0.0,broken clouds,2021-10-30 22:50:21
91,Los Llanos De Aridane,ES,28.6585,-17.9182,64.15,60,0,3.0,clear sky,2021-10-30 22:50:21
92,Jamestown,US,42.097,-79.2353,53.24,86,90,1.01,light rain,2021-10-30 22:47:06
93,Port Elizabeth,ZA,-33.918,25.5701,61.09,94,90,3.44,overcast clouds,2021-10-30 22:50:22
94,Petropavlovsk-Kamchatskiy,RU,53.0452,158.6483,30.79,80,75,4.47,broken clouds,2021-10-30 22:50:23
95,Nuuk,GL,64.1835,-51.7216,32.88,86,88,38.01,overcast clouds,2021-10-30 22:50:23
96,Marsh Harbour,BS,26.5412,-77.0636,77.86,72,10,13.94,clear sky,2021-10-30 22:50:24
97,Tasiilaq,GL,65.6145,-37.6368,18.32,65,93,4.41,overcast clouds,2021-10-30 22:50:25
98,San Patricio,US,28.017,-97.5169,86.41,23,0,5.32,clear sky,2021-10-30 22:50:25
99,Sitka,US,57.0531,-135.33,48.09,61,90,10.36,overcast clouds,2021-10-30 22:50:26
100,Kitimat,CA,54.0524,-128.6534,45.91,63,99,4.9,overcast clouds,2021-10-30 22:50:26
101,La Rioja,ES,42.25,-2.5,52.05,75,100,5.68,overcast clouds,2021-10-30 22:50:27
102,Naze,JP,28.3667,129.4833,65.32,76,1,6.46,clear sky,2021-10-30 22:50:27
103,Ndago,TZ,-4.6,34.35,72.03,50,98,7.63,overcast clouds,2021-10-30 22:50:28
104,Carnarvon,AU,-24.8667,113.6333,66.27,68,0,13.8,clear sky,2021-10-30 22:50:29
105,Ponta Do Sol,PT,32.6667,-17.1,71.71,73,40,6.51,scattered clouds,2021-10-30 22:50:29
106,Homer,US,59.6425,-151.5483,48.07,86,90,14.97,moderate rain,2021-10-30 22:50:30
107,Sabha,LY,27.0377,14.4283,69.31,28,2,5.01,clear sky,2021-10-30 22:50:30
108,Russkaya Polyana,UA,49.417,31.9201,43.74,73,0,6.64,clear sky,2021-10-30 22:50:31
109,Margate,GB,51.3813,1.3862,51.04,83,83,1.01,broken clouds,2021-10-30 22:50:32
110,Bartica,GY,6.4,-58.6167,79.12,98,70,2.93,broken clouds,2021-10-30 22:50:32
111,Saldanha,ZA,-33.0117,17.9442,59.05,84,27,8.88,scattered clouds,2021-10-30 22:50:33
112,Nouadhibou,MR,20.931,-17.0347,67.98,83,10,10.36,clear sky,2021-10-30 22:50:33
113,Hasaki,JP,35.7333,140.8333,54.0,66,85,8.75,overcast clouds,2021-10-30 22:50:34
114,Bredasdorp,ZA,-34.5322,20.0403,58.28,88,55,2.3,broken clouds,2021-10-30 22:50:34
115,Tura,IN,25.5198,90.2201,62.55,64,0,2.62,clear sky,2021-10-30 22:50:35
116,Tiksi,RU,71.6872,128.8694,2.59,93,97,9.31,overcast clouds,2021-10-30 22:50:35
117,Acari,PE,-15.4311,-74.6158,71.73,68,7,4.36,clear sky,2021-10-30 22:50:36
118,Buala,SB,-8.145,159.5921,84.49,72,91,10.0,overcast clouds,2021-10-30 22:50:36
119,Hamilton,US,39.1834,-84.5333,55.15,93,90,1.99,mist,2021-10-30 22:50:37
120,Batemans Bay,AU,-35.7167,150.1833,64.2,47,5,2.93,clear sky,2021-10-30 22:50:37
121,Kalmunai,LK,7.4167,81.8167,77.56,88,90,7.49,overcast clouds,2021-10-30 22:50:38
122,Palana,RU,59.1167,159.9667,20.46,84,85,4.29,overcast clouds,2021-10-30 22:50:39
123,Atuona,PF,-9.8,-139.0333,77.92,67,5,11.95,clear sky,2021-10-30 22:50:39
124,Osorno,CL,-40.5667,-73.15,66.51,45,0,9.22,clear sky,2021-10-30 22:47:00
125,Luanda,AO,-8.8368,13.2343,75.2,88,40,10.36,scattered clouds,2021-10-30 22:50:40
126,Sao Joao Da Barra,BR,-21.6403,-41.0511,71.56,89,100,11.12,overcast clouds,2021-10-30 22:50:41
127,Severo-Kurilsk,RU,50.6789,156.125,41.56,79,86,13.62,overcast clouds,2021-10-30 22:50:41
128,Leningradskiy,RU,69.3833,178.4167,-0.92,96,99,6.33,overcast clouds,2021-10-30 22:50:42
129,Cidreira,BR,-30.1811,-50.2056,67.91,88,31,22.5,scattered clouds,2021-10-30 22:50:42
130,Kyzyl-Suu,KG,42.3414,78.0056,35.06,47,46,7.29,scattered clouds,2021-10-30 22:50:43
131,Korla,CN,41.7597,86.1469,46.06,37,28,1.3,scattered clouds,2021-10-30 22:50:44
132,Koygorodok,RU,60.445,50.9968,34.75,100,93,2.95,light rain,2021-10-30 22:50:44
133,Kavieng,PG,-2.5744,150.7967,83.95,75,70,13.47,light rain,2021-10-30 22:50:45
134,Bambous Virieux,MU,-20.3428,57.7575,70.21,94,20,3.44,few clouds,2021-10-30 22:50:46
135,Irituia,BR,-1.7711,-47.4381,76.32,91,100,4.41,light rain,2021-10-30 22:50:46
136,Shu,KZ,43.5983,73.7614,46.94,66,100,3.24,overcast clouds,2021-10-30 22:50:47
137,Banda Aceh,ID,5.5577,95.3222,77.76,85,99,9.01,overcast clouds,2021-10-30 22:50:47
138,Kulhudhuffushi,MV,6.6221,73.07,80.1,80,69,7.54,broken clouds,2021-10-30 22:50:48
139,Ukiah,US,39.1502,-123.2078,66.87,57,75,8.05,broken clouds,2021-10-30 22:50:02
140,Mahon,ES,39.8885,4.2658,70.36,88,75,5.75,broken clouds,2021-10-30 22:50:49
141,Whitehorse,CA,60.7161,-135.0538,39.09,69,75,23.0,broken clouds,2021-10-30 22:46:44
142,Longyearbyen,SJ,78.2186,15.6401,24.64,68,40,3.44,scattered clouds,2021-10-30 22:47:42
143,Phan Thiet,VN,10.9333,108.1,76.91,86,67,6.04,broken clouds,2021-10-30 22:50:50
144,Sorkjosen,NO,69.8,20.9333,35.04,83,100,8.23,overcast clouds,2021-10-30 22:50:50
145,Felipe Carrillo Puerto,MX,19.5833,-88.05,77.52,60,28,1.5,scattered clouds,2021-10-30 22:50:51
146,Sembakung,ID,3.8167,117.25,74.88,96,73,1.66,broken clouds,2021-10-30 22:50:51
147,Ribeira Grande,PT,38.5167,-28.7,71.04,89,100,16.62,overcast clouds,2021-10-30 22:50:52
148,Zwedru,LR,6.0667,-8.1281,71.82,99,91,2.82,overcast clouds,2021-10-30 22:50:52
149,Myslowice,PL,50.2075,19.1667,52.47,83,3,5.17,clear sky,2021-10-30 22:50:53
150,Kodiak,US,57.79,-152.4072,47.71,81,90,33.38,light rain,2021-10-30 22:47:50
151,Bluff,NZ,-46.6,168.3333,50.59,89,96,29.42,overcast clouds,2021-10-30 22:50:54
152,Jackson,US,42.4165,-122.8345,63.55,80,75,4.61,broken clouds,2021-10-30 22:48:17
153,Hami,CN,42.8,93.45,49.39,45,100,0.4,overcast clouds,2021-10-30 22:50:54
154,Ancud,CL,-41.8697,-73.8203,62.13,61,0,4.34,clear sky,2021-10-30 22:50:55
155,Pangnirtung,CA,66.1451,-65.7125,32.68,99,100,9.13,snow,2021-10-30 22:50:56
156,Outram,MY,1.2829,103.8379,78.73,92,75,1.14,broken clouds,2021-10-30 22:50:56
157,Ahar,IR,38.4774,47.0699,45.27,90,93,1.63,overcast clouds,2021-10-30 22:50:57
158,Ponta Delgada,PT,37.7333,-25.6667,74.5,94,75,12.66,broken clouds,2021-10-30 22:46:21
159,Bonthe,SL,7.5264,-12.505,75.6,90,100,5.3,light rain,2021-10-30 22:50:57
160,Mahibadhoo,MV,3.7833,72.9667,82.92,69,78,14.9,broken clouds,2021-10-30 22:50:58
161,Mucurapo,TT,10.6667,-61.5333,82.45,84,53,8.61,broken clouds,2021-10-30 22:50:59
162,Chuy,UY,-33.6971,-53.4616,65.32,88,54,12.35,broken clouds,2021-10-30 22:50:59
163,Kirovskiy,RU,45.0917,133.5136,38.52,67,94,3.38,overcast clouds,2021-10-30 22:51:00
164,Mayo,US,38.8876,-76.5119,61.95,85,94,5.46,overcast clouds,2021-10-30 22:51:00
165,Freeport,US,40.6576,-73.5832,61.29,80,20,4.0,few clouds,2021-10-30 22:50:04
166,Grand-Santi,GF,4.25,-54.3833,76.19,90,98,2.84,overcast clouds,2021-10-30 22:51:01
167,Alofi,NU,-19.0595,-169.9187,78.69,69,100,12.66,overcast clouds,2021-10-30 22:51:02
168,Necochea,AR,-38.5473,-58.7368,55.04,80,100,15.41,light rain,2021-10-30 22:51:02
169,Hithadhoo,MV,-0.6,73.0833,82.65,76,100,20.4,overcast clouds,2021-10-30 22:51:03
170,Vao,NC,-22.6667,167.4833,71.22,73,3,4.83,clear sky,2021-10-30 22:51:04
171,Lima,PE,-12.0432,-77.0282,70.9,72,90,9.22,overcast clouds,2021-10-30 22:47:48
172,Berlevag,NO,70.8578,29.0864,39.07,75,98,9.84,overcast clouds,2021-10-30 22:51:04
173,Port Lincoln,AU,-34.7333,135.8667,60.01,61,0,12.17,clear sky,2021-10-30 22:51:05
174,Beyneu,KZ,45.3167,55.2,48.06,69,3,3.29,clear sky,2021-10-30 22:51:06
175,Jining,CN,35.405,116.5814,56.23,65,68,3.53,broken clouds,2021-10-30 22:51:06
176,Bintulu,MY,3.1667,113.0333,75.61,100,20,0.0,thunderstorm,2021-10-30 22:51:07
177,East London,ZA,-33.0153,27.9116,64.08,83,79,6.29,broken clouds,2021-10-30 22:51:07
178,Gornyy,RU,55.1153,83.9059,21.79,60,100,9.15,overcast clouds,2021-10-30 22:51:08
179,Mecca,SA,21.4267,39.8261,79.74,61,0,2.46,clear sky,2021-10-30 22:49:41
180,Port Hedland,AU,-20.3167,118.5667,73.45,83,0,10.36,clear sky,2021-10-30 22:51:08
181,Cedar City,US,37.6775,-113.0619,67.17,30,1,16.11,clear sky,2021-10-30 22:50:24
182,Namatanai,PG,-3.6667,152.4333,84.58,70,94,8.21,light rain,2021-10-30 22:51:09
183,Melo,UY,-32.3667,-54.1833,67.95,89,30,10.67,scattered clouds,2021-10-30 22:51:10
184,Narsaq,GL,60.9167,-46.05,28.62,71,95,4.32,overcast clouds,2021-10-30 22:46:27
185,Kariapatti,IN,9.6751,78.0999,76.06,88,99,6.24,moderate rain,2021-10-30 22:51:11
186,Campbellton,CA,48.0075,-66.6727,45.05,83,21,4.5,few clouds,2021-10-30 22:51:11
187,Tahta,EG,26.7693,31.5021,78.91,32,100,13.02,overcast clouds,2021-10-30 22:51:12
188,Belmonte,BR,-15.8631,-38.8828,75.7,83,96,7.18,overcast clouds,2021-10-30 22:51:13
189,Dunedin,NZ,-45.8742,170.5036,59.81,90,62,11.01,broken clouds,2021-10-30 22:49:48
190,Iguape,BR,-24.7081,-47.5553,69.3,91,42,14.23,scattered clouds,2021-10-30 22:51:13
191,Hovd,MN,48.0056,91.6419,34.72,47,99,5.55,overcast clouds,2021-10-30 22:51:04
192,Worland,US,44.0169,-107.9554,45.61,81,90,1.99,overcast clouds,2021-10-30 22:51:14
193,Butaritari,KI,3.0707,172.7902,82.27,73,20,5.77,light rain,2021-10-30 22:51:15
194,Guider,CM,9.9342,13.9486,84.67,48,99,4.81,overcast clouds,2021-10-30 22:51:15
195,Acajutla,SV,13.5928,-89.8275,81.05,79,99,4.45,overcast clouds,2021-10-30 22:51:16
196,Selma,US,36.5708,-119.6121,79.84,74,100,2.95,overcast clouds,2021-10-30 22:51:16
197,Poum,NC,-20.2333,164.0167,76.08,69,14,4.79,few clouds,2021-10-30 22:51:17
198,Natal,BR,-5.795,-35.2094,80.82,74,20,13.8,few clouds,2021-10-30 22:51:17
199,Troyes,FR,48.3333,4.0833,55.74,93,0,2.3,clear sky,2021-10-30 22:51:18
200,Mar Del Plata,AR,-38.0023,-57.5575,59.09,83,75,1.99,broken clouds,2021-10-30 22:49:10
201,Jijiga,ET,9.35,42.8,60.48,80,88,5.48,overcast clouds,2021-10-30 22:51:19
202,Merauke,ID,-8.4667,140.3333,83.35,73,86,7.61,overcast clouds,2021-10-30 22:51:19
203,Suarez,CO,2.954,-76.6964,68.61,97,93,3.53,overcast clouds,2021-10-30 22:51:20
204,Olathe,US,38.8814,-94.8191,64.54,54,1,4.61,clear sky,2021-10-30 22:51:20
205,Uyemskiy,RU,64.4743,40.8524,41.05,100,90,6.71,light rain,2021-10-30 22:51:21
206,Hammerfest,NO,70.6634,23.6821,34.25,93,100,8.05,overcast clouds,2021-10-30 22:51:21
207,Paamiut,GL,61.994,-49.6678,31.53,79,86,13.04,overcast clouds,2021-10-30 22:51:22
208,Safaga,EG,26.7292,33.9365,73.35,45,96,7.09,overcast clouds,2021-10-30 22:51:22
209,Aksehir,TR,38.3575,31.4164,51.42,71,96,3.71,overcast clouds,2021-10-30 22:51:23
210,Rocha,UY,-34.4833,-54.3333,67.37,85,100,9.37,overcast clouds,2021-10-30 22:51:23
211,Usinsk,RU,65.9939,57.5281,8.78,93,100,8.03,overcast clouds,2021-10-30 22:51:24
212,Sisimiut,GL,66.9395,-53.6735,35.46,97,100,35.99,light rain,2021-10-30 22:51:24
213,Zeya,RU,53.75,127.2667,21.56,48,1,0.56,clear sky,2021-10-30 22:51:25
214,Verkhoyansk,RU,67.5447,133.385,-15.3,100,51,2.33,broken clouds,2021-10-30 22:51:26
215,Pilar,BR,-9.5972,-35.9567,76.93,84,4,5.28,clear sky,2021-10-30 22:51:26
216,Ayr,GB,55.4627,-4.6339,46.31,93,20,8.05,few clouds,2021-10-30 22:51:27
217,Erenhot,CN,43.6475,111.9767,30.87,54,41,6.46,scattered clouds,2021-10-30 22:51:27
218,Samarai,PG,-10.6167,150.6667,83.28,78,99,13.8,overcast clouds,2021-10-30 22:51:28
219,Hobart,AU,-42.8794,147.3294,60.03,55,75,4.0,broken clouds,2021-10-30 22:51:29
220,Kayes,ML,14.0,-11.0,84.16,47,76,5.26,broken clouds,2021-10-30 22:51:29
221,Warangal,IN,18.0,79.5833,70.32,85,20,6.15,few clouds,2021-10-30 22:47:15
222,Vila Velha,BR,-20.3297,-40.2925,71.55,94,75,4.61,broken clouds,2021-10-30 22:47:09
223,Le Mans,FR,48.0,0.2,51.62,93,0,3.44,clear sky,2021-10-30 22:51:31
224,High Level,CA,58.5169,-117.136,41.11,45,1,5.75,clear sky,2021-10-30 22:51:31
225,Zhigansk,RU,66.7697,123.3711,2.07,92,100,21.72,overcast clouds,2021-10-30 22:51:32
226,Gat,IL,31.61,34.7642,72.39,64,71,1.72,broken clouds,2021-10-30 22:49:31
227,Springfield,US,37.2153,-93.2982,57.69,63,0,6.46,clear sky,2021-10-30 22:48:51
228,Mont-Dore,NC,-22.2833,166.5833,80.58,99,3,4.7,clear sky,2021-10-30 22:51:33
229,Sao Filipe,CV,14.8961,-24.4956,79.99,75,84,13.11,broken clouds,2021-10-30 22:51:33
230,Almaznyy,RU,48.0448,40.045,39.34,73,0,4.81,clear sky,2021-10-30 22:51:34
231,Henties Bay,NA,-22.116,14.2845,56.86,91,0,4.76,clear sky,2021-10-30 22:51:35
232,Quelimane,MZ,-17.8786,36.8883,73.35,78,0,5.01,clear sky,2021-10-30 22:51:35
233,Yumen,CN,40.2833,97.2,36.93,48,66,5.91,broken clouds,2021-10-30 22:51:36
234,Kungurtug,RU,50.5994,97.5228,26.38,71,47,2.82,scattered clouds,2021-10-30 22:51:36
235,Timberlake,US,37.3207,-79.2575,58.14,82,90,6.91,overcast clouds,2021-10-30 22:51:37
236,Kamaishi,JP,39.2667,141.8833,45.55,74,100,5.86,overcast clouds,2021-10-30 22:51:37
237,Eidsvag,NO,62.7767,8.0668,52.45,70,100,11.23,overcast clouds,2021-10-30 22:51:38
238,Carutapera,BR,-1.195,-46.02,77.7,85,36,5.53,scattered clouds,2021-10-30 22:51:39
239,Deputatskiy,RU,69.3,139.9,-7.78,98,98,5.08,overcast clouds,2021-10-30 22:51:40
240,Ahuimanu,US,21.4447,-157.8378,83.86,64,20,9.22,few clouds,2021-10-30 22:51:40
241,Sobolevo,RU,54.4299,31.8996,41.25,85,29,9.33,scattered clouds,2021-10-30 22:51:41
242,Bilibino,RU,68.0546,166.4372,-7.33,98,100,1.79,overcast clouds,2021-10-30 22:51:41
243,Pathein,MM,16.7833,94.7333,74.77,94,97,2.06,overcast clouds,2021-10-30 22:51:42
244,Mehamn,NO,71.0357,27.8492,38.84,75,93,8.7,overcast clouds,2021-10-30 22:51:43
245,Wanning,CN,18.8003,110.3967,75.76,89,94,7.16,overcast clouds,2021-10-30 22:51:43
246,Tual,ID,-5.6667,132.75,83.25,72,71,6.53,broken clouds,2021-10-30 22:51:44
247,Cabo San Lucas,MX,22.8909,-109.9124,87.62,71,20,11.99,few clouds,2021-10-30 22:49:16
248,Coquimbo,CL,-29.9533,-71.3436,60.53,77,0,10.36,clear sky,2021-10-30 22:47:57
249,Llangefni,GB,53.2556,-4.3106,53.73,93,73,10.36,broken clouds,2021-10-30 22:51:45
250,Arroyo,ES,41.6096,-4.7969,56.14,87,0,6.91,clear sky,2021-10-30 22:51:45
251,Qingdao,CN,36.0986,120.3719,51.4,100,42,2.24,mist,2021-10-30 22:51:46
252,Villa Union,MX,23.2,-106.2333,85.01,75,3,7.54,clear sky,2021-10-30 22:51:47
253,Montecorvino Rovella,IT,40.6918,14.978,59.99,82,81,1.43,broken clouds,2021-10-30 22:51:47
254,Wamba,NG,8.9333,8.6,74.01,68,96,3.85,overcast clouds,2021-10-30 22:51:48
255,Havelock,US,34.8791,-76.9013,64.38,79,58,5.99,broken clouds,2021-10-30 22:51:48
256,Yerbogachen,RU,61.2767,108.0108,30.27,86,98,15.21,overcast clouds,2021-10-30 22:51:49
257,Kirakira,SB,-10.4544,161.9205,86.27,66,58,12.24,broken clouds,2021-10-30 22:51:49
258,Anadyr,RU,64.75,177.4833,1.9,84,90,17.0,snow,2021-10-30 22:51:50
259,Lagoa,PT,39.05,-27.9833,70.38,84,100,23.17,overcast clouds,2021-10-30 22:51:50
260,Areosa,PT,41.7178,-8.8571,63.66,97,100,13.4,overcast clouds,2021-10-30 22:51:51
261,Houma,US,29.5958,-90.7195,68.0,64,1,6.91,clear sky,2021-10-30 22:51:51
262,Chokurdakh,RU,70.6333,147.9167,1.96,97,99,6.58,overcast clouds,2021-10-30 22:51:52
263,Baykit,RU,61.67,96.37,16.45,84,99,10.56,overcast clouds,2021-10-30 22:51:52
264,Cody,US,44.5263,-109.0565,37.9,76,90,9.22,overcast clouds,2021-10-30 22:51:53
265,Tzaneen,ZA,-23.8332,30.1635,55.62,86,79,5.97,broken clouds,2021-10-30 22:51:53
266,Auka,HN,14.9333,-83.8333,78.69,91,89,8.23,overcast clouds,2021-10-30 22:51:54
267,Dubbo,AU,-32.25,148.6167,59.13,55,0,10.36,clear sky,2021-10-30 22:50:33
268,Svetlaya,RU,46.5389,138.3297,45.01,81,99,16.42,overcast clouds,2021-10-30 22:51:54
269,Dhone,IN,15.4167,77.8833,72.77,90,83,4.41,broken clouds,2021-10-30 22:51:55
270,Sechura,PE,-5.5569,-80.8222,70.18,65,15,16.31,few clouds,2021-10-30 22:51:56
271,Geraldton,AU,-28.7667,114.6,55.81,82,0,6.91,clear sky,2021-10-30 22:47:56
272,Marquelia,MX,16.5833,-98.8167,82.54,79,52,7.87,broken clouds,2021-10-30 22:51:57
273,Abonnema,NG,4.7084,6.7931,77.0,92,100,2.86,overcast clouds,2021-10-30 22:51:58
274,Mglin,RU,53.0591,32.8475,40.37,90,6,7.78,clear sky,2021-10-30 22:51:58
275,Ust-Ishim,RU,57.6935,71.1665,24.78,97,100,2.39,overcast clouds,2021-10-30 22:51:59
276,Taihe,CN,30.8712,105.3845,60.37,83,97,4.38,overcast clouds,2021-10-30 22:51:59
277,El Dorado,US,38.7666,-120.5177,65.64,72,84,1.99,broken clouds,2021-10-30 22:52:00
278,Dawson Creek,CA,55.7666,-120.2362,40.64,33,1,8.05,clear sky,2021-10-30 22:52:00
279,Kelso,US,46.1468,-122.9084,62.56,49,1,4.61,clear sky,2021-10-30 22:52:01
280,Atambua,ID,-9.1061,124.8925,79.81,70,51,1.77,broken clouds,2021-10-30 22:52:02
281,Syracuse,IT,37.0881,15.2792,64.31,89,100,4.7,heavy intensity rain,2021-10-30 22:52:02
282,Nemuro,JP,43.3236,145.575,51.84,73,69,8.57,broken clouds,2021-10-30 22:52:03
283,Qui Nhon,VN,13.7667,109.2333,75.69,90,40,6.42,scattered clouds,2021-10-30 22:52:03
284,Nanortalik,GL,60.1432,-45.2371,34.68,71,68,0.92,broken clouds,2021-10-30 22:52:04
285,San Jose,US,37.3394,-121.895,71.49,71,75,1.01,smoke,2021-10-30 22:47:07
286,Dikson,RU,73.5069,80.5464,7.0,91,100,16.06,overcast clouds,2021-10-30 22:52:05
287,Raahe,FI,64.6833,24.4833,46.49,93,80,21.23,broken clouds,2021-10-30 22:52:06
288,Chermoz,RU,58.787,56.1489,37.96,79,100,10.51,overcast clouds,2021-10-30 22:52:06
289,Liku,ID,-0.7275,119.8922,76.26,91,98,1.3,overcast clouds,2021-10-30 22:52:07
290,Port-Gentil,GA,-0.7193,8.7815,73.36,94,90,6.91,thunderstorm with rain,2021-10-30 22:52:07
291,Taree,AU,-31.9,152.4667,65.07,63,90,5.75,overcast clouds,2021-10-30 22:52:08
292,Granadilla De Abona,ES,28.1188,-16.576,66.85,72,20,5.75,few clouds,2021-10-30 22:52:09
293,Laguna,US,38.421,-121.4238,73.63,72,20,4.0,few clouds,2021-10-30 22:52:09
294,Singarayakonda,IN,15.25,80.0333,79.02,84,100,6.64,overcast clouds,2021-10-30 22:52:10
295,Pacific Grove,US,36.6177,-121.9166,71.76,86,90,3.0,overcast clouds,2021-10-30 22:51:45
296,Te Anau,NZ,-45.4167,167.7167,49.35,90,100,2.71,overcast clouds,2021-10-30 22:52:11
297,Thompson,CA,55.7435,-97.8558,35.76,87,90,9.22,overcast clouds,2021-10-30 22:52:11
298,Assiniboia,CA,49.6334,-105.9845,37.31,52,67,17.27,broken clouds,2021-10-30 22:52:12
299,Paita,PE,-5.0892,-81.1144,66.76,81,15,14.45,few clouds,2021-10-30 22:47:40
300,Kushiro,JP,42.975,144.3747,45.55,87,75,4.61,broken clouds,2021-10-30 22:49:00
301,Komsomolskiy,UZ,40.4272,71.7189,44.02,65,100,6.91,overcast clouds,2021-10-30 22:52:13
302,Mashhad,IR,36.297,59.6062,55.54,47,75,9.22,broken clouds,2021-10-30 22:52:14
303,Keflavik,IS,64.0049,-22.5624,37.83,93,0,9.22,clear sky,2021-10-30 22:52:14
304,Kudahuvadhoo,MV,2.6708,72.8944,82.85,73,26,17.83,scattered clouds,2021-10-30 22:52:15
305,Algemesi,ES,39.1833,-0.4333,72.09,81,100,10.76,overcast clouds,2021-10-30 22:52:16
306,Lieksa,FI,63.3167,30.0167,43.81,92,90,12.66,overcast clouds,2021-10-30 22:52:16
307,Arman,RU,59.7,150.1667,20.91,50,100,13.2,overcast clouds,2021-10-30 22:52:17
308,Altamont,US,42.2068,-121.7372,55.78,79,40,7.0,scattered clouds,2021-10-30 22:52:18
309,Robinson,US,31.4677,-97.1147,80.19,26,1,4.61,clear sky,2021-10-30 22:52:18
310,Waingapu,ID,-9.6567,120.2641,81.72,77,100,3.69,overcast clouds,2021-10-30 22:52:19
311,Yaan,NG,7.3833,8.5667,76.23,85,100,4.43,overcast clouds,2021-10-30 22:52:19
312,Paoua,CF,7.2427,16.4406,72.45,76,100,2.95,overcast clouds,2021-10-30 22:52:20
313,Boffa,GN,10.1667,-14.0333,77.5,93,95,3.74,overcast clouds,2021-10-30 22:52:20
314,Phanat Nikhom,TH,13.4458,101.1844,81.16,99,99,4.18,overcast clouds,2021-10-30 22:52:21
315,Tehachapi,US,35.1322,-118.449,77.32,43,80,5.99,broken clouds,2021-10-30 22:49:01
316,Miles City,US,46.4083,-105.8406,40.17,65,90,16.11,overcast clouds,2021-10-30 22:52:22
317,Adoni,IN,15.6333,77.2833,72.72,88,89,4.94,overcast clouds,2021-10-30 22:52:22
318,Praia,CV,14.9215,-23.5087,77.54,88,75,16.11,broken clouds,2021-10-30 22:52:23
319,Ayagoz,KZ,47.9714,80.4392,37.35,94,100,12.26,overcast clouds,2021-10-30 22:52:23
320,Avanigadda,IN,16.0215,80.9181,75.52,94,93,4.27,overcast clouds,2021-10-30 22:52:24
321,Ladario,BR,-19.0047,-57.6017,77.29,83,20,2.3,few clouds,2021-10-30 22:47:53
322,Tenali,IN,16.2425,80.6398,74.16,96,66,4.45,broken clouds,2021-10-30 22:52:25
323,Westport,US,41.1415,-73.3579,60.26,94,94,7.0,overcast clouds,2021-10-30 22:49:30
324,Flinders,AU,-34.5833,150.8552,66.79,61,0,1.01,clear sky,2021-10-30 22:52:25
325,Adrar,MR,20.5022,-10.0711,79.18,38,100,9.24,overcast clouds,2021-10-30 22:52:26
326,Shibetsu,JP,43.659,145.132,48.04,80,87,3.42,overcast clouds,2021-10-30 22:52:26
327,Pyaozerskiy,RU,65.8333,31.1667,39.83,98,100,9.1,overcast clouds,2021-10-30 22:52:27
328,Guaraniacu,BR,-25.1008,-52.8781,62.24,98,99,3.36,moderate rain,2021-10-30 22:52:28
329,Salalah,OM,17.0151,54.0924,78.89,61,0,3.44,clear sky,2021-10-30 22:49:02
330,Dingle,PH,10.9995,122.6711,77.36,88,95,7.96,overcast clouds,2021-10-30 22:52:29
331,Santa Barbara,US,34.7333,-120.0343,74.3,61,1,10.36,clear sky,2021-10-30 22:52:30
332,Miri,MY,4.4148,114.0089,75.34,100,20,1.14,few clouds,2021-10-30 22:52:30
333,Znamenskoye,RU,57.1281,73.8282,25.27,94,100,4.12,light snow,2021-10-30 22:52:31
334,Lompoc,US,34.6391,-120.4579,75.69,80,1,17.27,clear sky,2021-10-30 22:52:31
335,Claveria,PH,18.6074,121.0832,78.04,78,59,11.01,broken clouds,2021-10-30 22:52:32
336,Ilulissat,GL,69.2167,-51.1,31.68,91,100,10.76,light snow,2021-10-30 22:52:32
337,Biskamzha,RU,53.4497,89.5272,27.93,95,98,6.91,overcast clouds,2021-10-30 22:52:33
338,Hasanabad,IR,36.5465,61.0543,55.13,39,91,9.95,overcast clouds,2021-10-30 22:52:33
339,Payo,ID,-3.7508,103.6372,72.41,96,100,1.19,overcast clouds,2021-10-30 22:52:34
340,Grand Gaube,MU,-20.0064,57.6608,70.38,85,4,6.96,clear sky,2021-10-30 22:52:34
341,Yar-Sale,RU,66.8333,70.8333,7.77,90,95,16.44,overcast clouds,2021-10-30 22:52:35
342,Lorengau,PG,-2.0226,147.2712,83.19,79,93,7.85,overcast clouds,2021-10-30 22:52:36
343,Mount Gambier,AU,-37.8333,140.7667,51.71,82,40,11.5,scattered clouds,2021-10-30 22:52:36
344,Kovur,IN,14.4833,79.9833,79.07,85,100,5.84,overcast clouds,2021-10-30 22:52:37
345,Manggar,ID,-2.8833,108.2667,81.82,74,91,1.39,overcast clouds,2021-10-30 22:52:38
346,Aklavik,CA,68.2191,-135.0107,20.12,93,40,4.61,scattered clouds,2021-10-30 22:52:38
347,Jardim,BR,-21.4803,-56.1381,72.21,89,88,2.91,overcast clouds,2021-10-30 22:52:39
348,Great Falls,US,47.5002,-111.3008,33.19,77,90,0.0,overcast clouds,2021-10-30 22:52:39
349,Roma,US,43.2128,-75.4557,55.83,89,90,9.22,overcast clouds,2021-10-30 22:52:40
350,Upala,CR,10.8979,-85.0145,77.4,91,100,0.87,overcast clouds,2021-10-30 22:52:40
351,Doha,QA,25.2867,51.5333,79.11,78,0,4.61,clear sky,2021-10-30 22:52:41
352,Saint George,US,37.1041,-113.5841,79.63,30,1,1.01,clear sky,2021-10-30 22:52:41
353,Huarmey,PE,-10.0681,-78.1522,65.25,81,58,8.66,broken clouds,2021-10-30 22:52:42
354,Pochutla,MX,15.7432,-96.4661,81.14,76,50,3.96,scattered clouds,2021-10-30 22:52:42
355,Camargo,MX,27.6667,-105.1667,82.96,13,0,4.18,clear sky,2021-10-30 22:52:43
356,Cruzeiro Do Sul,BR,-29.5128,-51.9853,77.5,76,98,2.33,overcast clouds,2021-10-30 22:52:43
357,Husavik,IS,66.0449,-17.3389,39.11,89,100,17.94,overcast clouds,2021-10-30 22:52:44
358,Atherton,GB,53.5237,-2.4935,47.91,88,33,1.99,scattered clouds,2021-10-30 22:52:44
359,Souillac,MU,-20.5167,57.5167,70.36,94,20,3.44,few clouds,2021-10-30 22:52:45
360,Waddan,LY,29.1614,16.139,69.4,33,97,5.12,overcast clouds,2021-10-30 22:52:46
361,Lavagna,IT,44.3079,9.3422,59.23,84,100,5.01,overcast clouds,2021-10-30 22:52:46
362,Jambi,ID,-1.6,103.6167,73.87,98,80,0.83,broken clouds,2021-10-30 22:52:47
363,Susanville,US,40.4163,-120.653,64.24,50,75,5.75,broken clouds,2021-10-30 22:52:47
364,Lavrentiya,RU,65.5833,-171.0,13.84,80,28,6.53,scattered clouds,2021-10-30 22:52:48
365,Eenhana,NA,-17.4667,16.3333,78.55,26,69,8.32,broken clouds,2021-10-30 22:52:49
366,Sao Joaquim,BR,-28.2939,-49.9317,54.59,95,97,4.52,overcast clouds,2021-10-30 22:52:49
367,Gunjur,GM,13.2019,-16.7339,75.27,100,0,0.0,clear sky,2021-10-30 22:52:50
368,Port Macquarie,AU,-31.4333,152.9167,64.36,71,99,7.16,overcast clouds,2021-10-30 22:52:14
369,Cockburn Town,TC,21.4612,-71.1419,82.36,69,40,9.22,scattered clouds,2021-10-30 22:52:51
370,Kondoa,TZ,-4.9,35.7833,64.78,87,88,6.71,light rain,2021-10-30 22:52:51
371,Koping,SE,59.514,15.9926,46.85,92,100,4.29,overcast clouds,2021-10-30 22:52:52
372,Sinop,TR,41.7711,34.8709,47.19,76,0,8.95,clear sky,2021-10-30 22:52:52
373,Purpe,RU,64.4803,76.6897,10.06,93,100,17.38,overcast clouds,2021-10-30 22:52:53
374,Royan,FR,45.6285,-1.0281,58.98,88,52,11.1,broken clouds,2021-10-30 22:52:53
375,Sainte-Anne-Des-Monts,CA,49.124,-66.4924,44.47,93,41,3.44,scattered clouds,2021-10-30 22:52:54
376,Grosseto,IT,42.8333,11.25,65.79,87,0,4.61,clear sky,2021-10-30 22:52:54
377,Kargasok,RU,59.0556,80.8572,23.2,90,100,6.46,overcast clouds,2021-10-30 22:52:55
378,Belogorsk,RU,50.9158,128.4611,24.53,48,0,5.59,clear sky,2021-10-30 22:52:55
379,Bubaque,GW,11.2833,-15.8333,79.21,79,100,5.48,light rain,2021-10-30 22:52:56
380,Lebedinyy,RU,58.5167,125.5167,15.4,80,98,10.29,overcast clouds,2021-10-30 22:52:57
381,Porbandar,IN,21.6422,69.6093,76.62,37,12,7.4,few clouds,2021-10-30 22:52:57
382,Mugur-Aksy,RU,50.35,90.5,14.54,89,99,5.86,overcast clouds,2021-10-30 22:52:58
383,Khasan,RU,42.4308,130.6434,49.26,69,37,5.26,scattered clouds,2021-10-30 22:52:59
384,Lapi,PH,17.716,121.8978,73.67,87,15,2.28,few clouds,2021-10-30 22:52:59
385,Gladstone,AU,-23.85,151.25,85.78,61,75,6.91,broken clouds,2021-10-30 22:53:00
386,Conakry,GN,9.538,-13.6773,77.36,94,20,0.0,few clouds,2021-10-30 22:53:00
387,Birnin Kebbi,NG,12.4539,4.1975,80.24,23,41,1.66,scattered clouds,2021-10-30 22:53:01
388,Nizwa,OM,22.9333,57.5333,75.15,30,1,4.16,clear sky,2021-10-30 22:53:02
389,Guayaramerin,BO,-10.8368,-65.3614,83.68,56,64,3.31,broken clouds,2021-10-30 22:53:03
390,Changji,CN,44.0167,87.3167,45.39,65,0,6.71,clear sky,2021-10-30 22:53:03
391,Ipoh,MY,4.5841,101.0829,75.11,94,20,0.0,few clouds,2021-10-30 22:53:04
392,Kloulklubed,PW,7.0419,134.2556,81.1,76,100,15.61,overcast clouds,2021-10-30 22:53:04
393,Rabaul,PG,-4.1967,152.1721,84.58,68,54,8.28,light rain,2021-10-30 22:53:05
394,San,ML,13.3034,-4.8956,85.5,44,66,8.52,broken clouds,2021-10-30 22:48:16
395,Pandan,PH,14.0453,124.1694,79.97,76,100,12.44,overcast clouds,2021-10-30 22:53:05
396,Yarim,YE,14.298,44.3779,53.76,75,80,6.8,broken clouds,2021-10-30 22:53:06
397,Ligatne,LV,57.2343,25.0406,47.25,87,54,4.0,broken clouds,2021-10-30 22:53:07
398,Maniitsoq,GL,65.4167,-52.9,35.37,98,100,24.09,moderate rain,2021-10-30 22:53:07
399,Sabla,NG,12.7525,4.7077,83.26,14,56,9.22,broken clouds,2021-10-30 22:53:07
400,Cross Lanes,US,38.4204,-81.7907,56.55,95,90,0.0,mist,2021-10-30 22:50:12
401,Angoche,MZ,-16.2325,39.9086,73.29,78,2,8.32,clear sky,2021-10-30 22:53:09
402,Severo-Yeniseyskiy,RU,60.3725,93.0408,14.63,85,100,13.02,overcast clouds,2021-10-30 22:53:09
403,Miandrivazo,MG,-19.5167,45.4667,73.29,73,25,2.64,scattered clouds,2021-10-30 22:53:10
404,Evensk,RU,61.95,159.2333,11.05,74,94,11.03,overcast clouds,2021-10-30 22:53:10
405,Puerto Madryn,AR,-42.7692,-65.0385,49.53,63,33,24.16,scattered clouds,2021-10-30 22:48:12
406,Moree,AU,-29.4667,149.85,64.42,45,0,8.05,clear sky,2021-10-30 22:53:11
407,Gamba,GA,-2.65,10.0,76.89,91,100,6.35,overcast clouds,2021-10-30 22:53:12
408,Spornoye,RU,50.8448,37.2913,39.22,82,0,4.36,clear sky,2021-10-30 22:53:12
409,Touros,BR,-5.1989,-35.4608,79.7,78,53,15.55,broken clouds,2021-10-30 22:53:13
410,Riyadh,SA,24.6877,46.7219,73.54,41,17,5.82,few clouds,2021-10-30 22:52:43
411,Vrangel,RU,42.7297,133.0839,52.52,85,90,4.27,overcast clouds,2021-10-30 22:53:14
412,Pevek,RU,69.7008,170.3133,-2.78,96,100,10.63,overcast clouds,2021-10-30 22:53:06
413,Malanje,AO,-9.5402,16.341,63.19,98,100,7.29,heavy intensity rain,2021-10-30 22:53:15
414,Tongliao,CN,43.6125,122.2653,36.41,64,80,13.0,broken clouds,2021-10-30 22:53:16
415,Botad,IN,22.1667,71.6667,71.96,37,9,7.92,clear sky,2021-10-30 22:53:16
416,Kimry,RU,56.8667,37.35,45.41,86,17,8.81,few clouds,2021-10-30 22:53:17
417,Dali,CN,25.7,100.1833,52.81,90,31,2.86,scattered clouds,2021-10-30 22:53:17
418,Dothan,US,31.2232,-85.3905,60.17,77,90,1.99,overcast clouds,2021-10-30 22:53:18
419,Matagami,CA,49.7502,-77.6328,44.71,61,40,2.3,scattered clouds,2021-10-30 22:53:18
420,Penzance,GB,50.1186,-5.5371,54.61,81,100,30.36,overcast clouds,2021-10-30 22:53:19
421,Coihaique,CL,-45.5752,-72.0662,58.95,23,0,12.66,clear sky,2021-10-30 22:53:19
422,Tazovskiy,RU,67.4667,78.7,8.01,93,100,14.94,light snow,2021-10-30 22:53:20
423,Prince Rupert,CA,54.3161,-130.3201,46.09,68,91,3.44,overcast clouds,2021-10-30 22:53:20
424,Whyalla,AU,-33.0333,137.5833,60.69,55,4,4.61,clear sky,2021-10-30 22:53:21
425,Anshun,CN,26.25,105.9333,53.53,96,100,4.36,overcast clouds,2021-10-30 22:53:21
426,Codrington,AU,-38.2667,141.9667,55.06,73,2,7.11,clear sky,2021-10-30 22:53:22
427,Ibra,OM,22.6906,58.5334,74.53,30,1,5.88,clear sky,2021-10-30 22:53:22
428,Tuatapere,NZ,-46.1333,167.6833,47.97,94,100,17.67,overcast clouds,2021-10-30 22:50:09
429,Mount Isa,AU,-20.7333,139.5,78.57,22,75,11.5,broken clouds,2021-10-30 22:53:23
430,Porto-Vecchio,FR,41.591,9.2795,64.06,88,90,6.91,overcast clouds,2021-10-30 22:53:23
431,Abu Dhabi,AE,24.4667,54.3667,82.42,74,0,3.44,clear sky,2021-10-30 22:53:25
432,Trinidad,BO,-14.8333,-64.9,87.04,42,34,4.81,scattered clouds,2021-10-30 22:53:25
433,Nanakuli,US,21.3906,-158.1547,84.11,54,90,5.75,overcast clouds,2021-10-30 22:53:26
434,Do Gonbadan,IR,30.3586,50.7981,62.69,67,0,0.0,clear sky,2021-10-30 22:53:01
435,Asfi,MA,32.2994,-9.2372,65.21,83,7,2.21,clear sky,2021-10-30 22:53:27
436,Manado,ID,1.487,124.8455,75.97,94,40,1.14,heavy intensity rain,2021-10-30 22:53:27
437,Talnakh,RU,69.4865,88.3972,12.16,96,100,4.81,light snow,2021-10-30 22:53:28
438,Cherkasskoye,RU,52.4333,47.2167,41.36,95,9,6.13,clear sky,2021-10-30 22:53:28
439,Sinegorye,RU,62.0788,150.477,1.98,96,100,4.07,overcast clouds,2021-10-30 22:53:29
440,Machali,CL,-34.1833,-70.6667,83.48,30,0,10.36,clear sky,2021-10-30 22:53:29
441,Pozhva,RU,59.0912,56.0847,33.8,89,100,5.91,overcast clouds,2021-10-30 22:53:30
442,Ulaangom,MN,49.9811,92.0667,32.31,69,100,2.06,overcast clouds,2021-10-30 22:53:31
443,Ashcroft,CA,50.7165,-121.2859,48.47,33,0,2.68,clear sky,2021-10-30 22:53:31
444,Kargil,IN,34.5667,76.1,28.63,57,4,3.85,clear sky,2021-10-30 22:53:31
445,Port-Cartier,CA,50.0334,-66.8654,41.76,73,36,4.59,scattered clouds,2021-10-30 22:53:32
446,Jiuquan,CN,39.7432,98.5174,35.47,46,50,2.93,scattered clouds,2021-10-30 22:53:33
447,Maridi,SS,4.9158,29.4742,67.42,97,90,3.33,overcast clouds,2021-10-30 22:53:33
448,Candido Mendes,BR,-1.4467,-45.7167,75.27,91,47,3.33,scattered clouds,2021-10-30 22:53:34
449,Sur,OM,22.5667,59.5289,79.72,66,5,11.07,clear sky,2021-10-30 22:53:34
450,Raudeberg,NO,61.9875,5.1352,54.27,72,100,1.99,light rain,2021-10-30 22:53:35
451,Ilinskiy,RU,55.619,38.1182,45.37,87,0,4.47,clear sky,2021-10-30 22:53:36
452,Mackay,AU,-21.15,149.2,87.67,69,40,8.05,scattered clouds,2021-10-30 22:53:36
453,Amarpur,IN,25.0333,86.9,65.64,58,43,4.0,scattered clouds,2021-10-30 22:53:36
454,Airai,TL,-8.9266,125.4092,67.69,75,27,1.21,scattered clouds,2021-10-30 22:53:37
455,Port-De-Bouc,FR,43.4,4.9833,64.42,77,90,19.57,overcast clouds,2021-10-30 22:53:38
456,Plettenberg Bay,ZA,-34.0527,23.3716,58.75,90,49,3.8,scattered clouds,2021-10-30 22:53:38
457,Tambo,PE,-14.8,-73.9167,39.65,77,97,9.42,overcast clouds,2021-10-30 22:53:39
458,Diu,IN,20.7141,70.9822,74.46,48,99,10.85,overcast clouds,2021-10-30 22:53:39
459,Makakilo City,US,21.3469,-158.0858,82.69,59,90,5.75,overcast clouds,2021-10-30 22:48:59
460,Opuwo,NA,-18.0607,13.84,70.12,22,14,6.6,few clouds,2021-10-30 22:53:40
461,Yazman,PK,29.1212,71.7446,71.08,19,0,2.77,clear sky,2021-10-30 22:53:41
462,Mill Valley,US,37.906,-122.545,65.25,81,100,3.0,overcast clouds,2021-10-30 22:53:41
463,Springbok,ZA,-29.6643,17.8865,65.95,28,4,4.41,clear sky,2021-10-30 22:53:42
464,Belaya Gora,RU,68.5333,146.4167,0.68,98,100,3.67,overcast clouds,2021-10-30 22:53:42
465,Uitenhage,ZA,-33.7576,25.3971,60.39,94,1,2.44,clear sky,2021-10-30 22:53:43
466,Mezhgorye,UA,44.9667,34.4167,43.56,85,1,5.03,clear sky,2021-10-30 22:53:44
467,Olavarria,AR,-36.8927,-60.3225,59.02,72,100,20.15,light rain,2021-10-30 22:53:44
468,Wakkanai,JP,45.4094,141.6739,54.93,72,100,15.88,overcast clouds,2021-10-30 22:53:45
469,Nemours,FR,48.2751,2.6908,53.19,90,100,6.93,overcast clouds,2021-10-30 22:53:45
470,Oranjemund,NA,-28.55,16.4333,59.59,93,1,4.07,clear sky,2021-10-30 22:53:46
471,Saint-Joseph,RE,-21.3667,55.6167,68.38,80,56,1.81,broken clouds,2021-10-30 22:53:46
472,Xinzhou,CN,38.4092,112.7333,41.7,53,1,2.62,clear sky,2021-10-30 22:53:47
473,Labuan,MY,5.2767,115.2417,77.16,94,20,0.0,few clouds,2021-10-30 22:53:48
474,Tsiroanomandidy,MG,-18.7667,46.0333,65.62,79,2,1.81,clear sky,2021-10-30 22:53:48
475,Hambantota,LK,6.1241,81.1185,73.74,100,40,1.14,scattered clouds,2021-10-30 22:53:09
476,Sambava,MG,-14.2667,50.1667,74.23,86,87,7.76,light rain,2021-10-30 22:53:49
477,San Cristobal,VE,7.7669,-72.225,68.18,97,100,1.86,moderate rain,2021-10-30 22:53:50
478,Caetite,BR,-14.0694,-42.475,74.12,56,49,11.41,scattered clouds,2021-10-30 22:52:13
479,Esso,RU,55.9333,158.7,25.23,95,94,2.66,light snow,2021-10-30 22:53:50
480,Christchurch,NZ,-43.5333,172.6333,69.01,38,0,3.0,clear sky,2021-10-30 22:50:39
481,General Salgado,BR,-20.6483,-50.3606,74.34,75,55,4.7,broken clouds,2021-10-30 22:53:51
482,Pabna,BD,24.0,89.25,69.28,58,3,5.95,clear sky,2021-10-30 22:53:52
483,Guryevsk,RU,54.2833,85.9333,30.16,94,100,5.73,overcast clouds,2021-10-30 22:53:52
484,Zhigalovo,RU,54.8097,105.1578,29.08,78,100,0.65,overcast clouds,2021-10-30 22:53:53
485,Luganville,VU,-15.5333,167.1667,83.73,64,14,8.66,few clouds,2021-10-30 22:53:53
486,Puerto Leguizamo,CO,-0.1934,-74.7819,74.37,96,100,1.86,overcast clouds,2021-10-30 22:53:54
487,Ajdabiya,LY,30.7554,20.2263,67.14,69,54,9.37,broken clouds,2021-10-30 22:53:54
488,Asekeyevo,RU,53.5742,52.7972,44.6,94,100,7.34,overcast clouds,2021-10-30 22:53:55
489,Two Hills,CA,53.7169,-111.7518,41.23,33,0,11.99,clear sky,2021-10-30 22:53:55
490,Ghatanji,IN,20.1333,78.3167,65.77,64,71,4.5,broken clouds,2021-10-30 22:53:56
491,Ezequiel Montes,MX,20.6667,-99.8833,71.92,29,69,7.38,broken clouds,2021-10-30 22:53:56
492,Svodna,BA,45.0372,16.5383,35.42,84,0,2.21,clear sky,2021-10-30 22:53:57
493,Emerald,AU,-23.5333,148.1667,83.98,19,24,21.85,few clouds,2021-10-30 22:53:57
494,Yzeure,FR,46.5644,3.355,57.22,94,86,3.36,overcast clouds,2021-10-30 22:53:58
495,Catemaco,MX,18.4167,-95.1167,73.38,78,63,1.59,broken clouds,2021-10-30 22:53:59
496,Gazanjyk,TM,39.2446,55.5154,53.74,53,64,9.22,broken clouds,2021-10-30 22:53:59
497,Olinda,BR,-8.0089,-34.8553,80.33,65,40,11.5,scattered clouds,2021-10-30 22:54:00
498,Lingig,PH,8.0389,126.4125,78.39,89,100,2.89,overcast clouds,2021-10-30 22:54:01
499,Toma,BF,12.7667,-2.8833,84.92,41,51,5.75,broken clouds,2021-10-30 22:54:01
500,Tarboro,US,35.8968,-77.5358,60.93,76,1,4.61,clear sky,2021-10-30 22:54:02
501,West Plains,US,36.7281,-91.8524,60.53,68,0,1.01,clear sky,2021-10-30 22:54:03
502,Carauari,BR,-4.8828,-66.8958,77.04,87,96,3.85,moderate rain,2021-10-30 22:54:03
503,Manokwari,ID,-0.8667,134.0833,81.88,68,76,1.48,broken clouds,2021-10-30 22:54:04
504,Gwadar,PK,25.1216,62.3254,81.64,40,4,7.05,clear sky,2021-10-30 22:54:04
505,Kieta,PG,-6.2167,155.6333,81.09,79,98,3.53,light rain,2021-10-30 22:54:05
506,Marshall,US,34.3834,-86.3333,55.11,83,90,10.36,overcast clouds,2021-10-30 22:54:06
507,Soe,ID,-9.8607,124.284,74.75,68,100,2.1,overcast clouds,2021-10-30 22:54:06
508,Birao,CF,10.2849,22.7882,76.26,30,99,2.01,overcast clouds,2021-10-30 22:54:07
509,Sun Valley,US,39.5963,-119.776,70.48,38,75,11.99,broken clouds,2021-10-30 22:54:07
510,Khandyga,RU,62.6667,135.6,-10.25,100,100,1.3,overcast clouds,2021-10-30 22:54:08
511,Aswan,EG,24.0934,32.907,87.1,25,0,10.36,clear sky,2021-10-30 22:54:08
512,Umm Lajj,SA,25.0213,37.2685,84.31,44,37,8.21,scattered clouds,2021-10-30 22:54:09
513,Sheregesh,RU,52.9209,87.9869,28.9,98,100,3.96,overcast clouds,2021-10-30 22:54:09
514,Inhambane,MZ,-23.865,35.3833,70.21,75,3,7.2,clear sky,2021-10-30 22:54:10
515,Ilo,PE,-17.6394,-71.3375,63.61,84,12,4.07,few clouds,2021-10-30 22:51:41
516,Baherden,TM,38.4362,57.4316,55.06,42,90,3.71,overcast clouds,2021-10-30 22:54:11
517,Lazaro Cardenas,MX,17.9583,-102.2,82.18,76,1,4.12,clear sky,2021-10-30 22:54:12
518,La Cruz,MX,23.9167,-106.9,86.47,75,1,5.99,clear sky,2021-10-30 22:54:13
519,Banikoara,BJ,11.2985,2.4386,78.67,29,50,3.67,scattered clouds,2021-10-30 22:54:13
520,Flagstaff,US,35.1981,-111.6513,69.57,26,1,5.99,clear sky,2021-10-30 22:54:14
521,Oxapampa,PE,-10.5775,-75.4017,61.59,92,88,1.9,overcast clouds,2021-10-30 22:54:14
522,Los Angeles,US,34.0522,-118.2437,85.3,64,1,1.99,clear sky,2021-10-30 22:53:11
523,Mirabad,AF,30.4362,61.8383,67.37,27,5,9.84,clear sky,2021-10-30 22:54:15
524,Kaeo,NZ,-35.1,173.7833,65.32,82,100,7.05,light rain,2021-10-30 22:52:56
525,Bandarbeyla,SO,9.4942,50.8122,78.66,77,60,10.96,light rain,2021-10-30 22:54:16
526,Ormara,PK,25.2088,64.6357,80.08,54,10,10.25,clear sky,2021-10-30 22:54:17
527,Tikapur,NP,28.5,81.1333,68.04,87,0,2.73,clear sky,2021-10-30 22:54:18
528,Eha Amufu,NG,6.6592,7.7596,81.01,87,100,4.5,overcast clouds,2021-10-30 22:54:18
529,Praia Da Vitoria,PT,38.7333,-27.0667,70.05,88,40,10.33,scattered clouds,2021-10-30 22:54:19
530,Imeni Poliny Osipenko,RU,52.4201,136.4853,25.66,70,10,1.92,clear sky,2021-10-30 22:54:19
531,Kulu,TR,39.0951,33.0799,49.05,59,94,5.3,overcast clouds,2021-10-30 22:54:20
532,Kununurra,AU,-15.7667,128.7333,84.18,65,85,11.5,overcast clouds,2021-10-30 22:54:20
533,Gresham,US,45.4982,-122.4315,62.62,39,1,1.99,clear sky,2021-10-30 22:54:21
534,Port Augusta,AU,-32.5,137.7667,63.72,31,99,5.91,overcast clouds,2021-10-30 22:54:21
535,Kanodar,IN,24.1,72.3833,69.89,33,30,5.06,scattered clouds,2021-10-30 22:54:22
536,Huaraz,PE,-9.5333,-77.5333,56.57,80,98,4.85,light rain,2021-10-30 22:50:55
537,Hailar,CN,49.2,119.7,24.48,44,0,4.83,clear sky,2021-10-30 22:54:23
538,Vozhega,RU,60.4725,40.2213,40.35,95,100,5.21,overcast clouds,2021-10-30 22:54:24
539,Igrim,RU,63.1906,64.4162,16.21,73,20,0.94,few clouds,2021-10-30 22:54:24
540,Along,IN,28.1667,94.7667,57.29,78,4,1.34,clear sky,2021-10-30 22:54:25
541,Vostok,RU,46.4856,135.8833,36.81,77,100,0.25,overcast clouds,2021-10-30 22:54:25
542,Grindavik,IS,63.8424,-22.4338,37.87,93,0,9.22,clear sky,2021-10-30 22:54:26
543,Orange,US,33.7,-117.7675,85.98,69,40,1.01,scattered clouds,2021-10-30 22:51:15
544,Klamath Falls,US,42.2249,-121.7817,57.85,80,68,5.99,broken clouds,2021-10-30 22:54:27
545,Kangaba,ML,11.9333,-8.4167,77.31,69,98,3.51,overcast clouds,2021-10-30 22:54:27
546,Iracoubo,GF,5.4802,-53.2011,79.48,81,10,6.04,clear sky,2021-10-30 22:54:28
547,Avera,US,33.194,-82.5271,59.38,77,100,11.65,overcast clouds,2021-10-30 22:54:28
548,Tiarei,PF,-17.5333,-149.3333,84.22,74,18,18.12,few clouds,2021-10-30 22:54:29
549,Barinitas,VE,8.7622,-70.4111,71.11,96,100,1.7,overcast clouds,2021-10-30 22:54:29
550,Holly Springs,US,35.6513,-78.8336,56.08,81,99,1.01,overcast clouds,2021-10-30 22:53:41
551,Udachnyy,RU,66.4167,112.4,20.55,93,100,12.1,light snow,2021-10-30 22:54:30
552,Culebra,PR,18.303,-65.301,80.01,73,1,1.99,clear sky,2021-10-30 22:54:31
553,Morant Bay,JM,17.8815,-76.4093,83.82,85,52,5.55,broken clouds,2021-10-30 22:50:36
554,San Luis,AR,-33.295,-66.3356,73.17,61,50,15.43,scattered clouds,2021-10-30 22:54:31
555,Fraga,ES,41.5229,0.3489,61.63,89,100,2.42,overcast clouds,2021-10-30 22:54:32
556,Oxford,GB,51.7522,-1.256,47.46,96,0,1.14,clear sky,2021-10-30 22:52:03
557,Sohag,EG,26.557,31.6948,75.49,32,100,10.27,overcast clouds,2021-10-30 22:54:33
558,Taoudenni,ML,22.6783,-3.9836,84.4,27,1,9.13,clear sky,2021-10-30 22:54:34
559,Bela Palanka,RS,43.2183,22.3111,48.79,91,0,5.97,clear sky,2021-10-30 22:54:34
560,Waitati,NZ,-45.75,170.5667,59.81,90,63,9.51,broken clouds,2021-10-30 22:54:35
561,Rybnoye,RU,54.7256,39.5119,43.99,90,46,9.19,scattered clouds,2021-10-30 22:54:35
562,Linxia,CN,35.6003,103.2064,38.88,81,100,1.45,overcast clouds,2021-10-30 22:54:36
563,Volosovo,RU,59.4333,29.4833,43.65,93,97,7.76,overcast clouds,2021-10-30 22:54:37
564,Wagar,SD,16.1525,36.2032,82.31,45,0,10.04,clear sky,2021-10-30 22:54:38
565,Dumka,IN,24.2667,87.25,69.64,56,19,4.36,few clouds,2021-10-30 22:54:38
566,Kalachinsk,RU,55.0529,74.5751,32.7,98,100,12.71,snow,2021-10-30 22:54:39
567,Shizunai,JP,42.3339,142.3669,52.83,73,100,4.27,overcast clouds,2021-10-30 22:52:46
568,Northam,GB,51.0333,-4.2167,56.01,90,67,19.1,broken clouds,2021-10-30 22:54:39
569,Waipawa,NZ,-41.4122,175.5153,61.43,52,5,18.05,clear sky,2021-10-30 22:54:40
570,Nikolsk,RU,53.7189,46.0712,42.31,96,59,9.37,broken clouds,2021-10-30 22:54:40
571,Pemangkat,ID,1.1667,108.9667,78.67,86,54,2.82,broken clouds,2021-10-30 22:54:41
572,Mocuba,MZ,-16.8392,36.9856,68.18,77,0,3.44,clear sky,2021-10-30 22:54:41
573,Sonoita,MX,31.85,-112.8333,88.54,18,0,11.34,clear sky,2021-10-30 22:54:42
574,Poykovskiy,RU,61.2333,73.3333,3.49,100,0,4.47,clear sky,2021-10-30 22:54:43
575,Wilmington,US,34.2257,-77.9447,63.91,66,11,1.99,few clouds,2021-10-30 22:54:43
576,Lengshuitan,CN,26.4111,111.5956,60.89,97,99,5.03,moderate rain,2021-10-30 22:54:44
577,Sao Benedito Do Rio Preto,BR,-3.3336,-43.5283,75.61,90,91,3.69,overcast clouds,2021-10-30 22:54:45
578,Russell,US,32.3502,-85.1999,58.15,76,90,8.05,overcast clouds,2021-10-30 22:54:45
579,Karratha,AU,-20.7377,116.8463,75.06,63,0,6.31,clear sky,2021-10-30 22:54:45
580,Taltal,CL,-25.4,-70.4833,64.24,66,22,3.04,few clouds,2021-10-30 22:54:46
581,Santa Cruz De Tenerife,ES,28.4682,-16.2546,73.69,67,0,5.99,clear sky,2021-10-30 22:54:46
582,Changde,CN,29.0464,111.6783,62.69,65,100,3.44,light rain,2021-10-30 22:54:47
583,Krasnoarmeysk,RU,51.0239,45.6969,42.15,79,3,8.86,clear sky,2021-10-30 22:54:48
584,Beloha,MG,-25.1667,45.05,67.01,86,60,11.25,broken clouds,2021-10-30 22:54:48
585,Las Vegas,US,36.175,-115.1372,83.17,26,75,1.99,broken clouds,2021-10-30 22:53:04
586,Shakawe,BW,-18.3667,21.85,78.64,41,21,1.03,few clouds,2021-10-30 22:54:49
587,Rypefjord,NO,70.6333,23.6667,34.27,93,100,8.05,overcast clouds,2021-10-30 22:54:50
588,Coahuayana,MX,18.7333,-103.6833,84.11,72,12,4.65,few clouds,2021-10-30 22:54:50
589,Comodoro Rivadavia,AR,-45.8667,-67.5,51.66,58,20,6.91,few clouds,2021-10-30 22:52:20
590,Alyangula,AU,-13.8483,136.4192,80.47,89,40,3.44,scattered clouds,2021-10-30 22:54:51
591,Acapulco,MX,16.8634,-99.8901,82.72,78,36,8.88,scattered clouds,2021-10-30 22:52:33
592,Pisco,PE,-13.7,-76.2167,66.25,77,20,6.91,few clouds,2021-10-30 22:54:50
593,Pierre,US,44.3683,-100.351,48.85,65,84,1.99,broken clouds,2021-10-30 22:54:52
594,Grants Pass,US,42.439,-123.3284,64.99,74,1,3.0,clear sky,2021-10-30 22:54:53
595,Cayenne,GF,4.9333,-52.3333,83.08,79,75,3.0,broken clouds,2021-10-30 22:54:54
596,Santa Isabel Do Rio Negro,BR,-0.4139,-65.0192,80.49,73,87,0.34,overcast clouds,2021-10-30 22:54:54
597,Alekseyevskaya,RU,50.2896,42.1845,41.81,79,0,3.6,clear sky,2021-10-30 22:54:55
598,Maneadero,MX,31.7167,-116.5667,71.19,78,25,1.99,scattered clouds,2021-10-30 22:54:55
599,Camacha,PT,33.0833,-16.3333,69.22,83,20,14.97,few clouds,2021-10-30 22:54:56
600,Mayna,RU,54.1135,47.6231,42.44,96,85,10.11,overcast clouds,2021-10-30 22:54:57
601,Brigantine,US,39.4101,-74.3646,63.01,92,98,7.52,overcast clouds,2021-10-30 22:54:57
602,Talaya,RU,61.3833,152.75,0.68,96,100,5.06,overcast clouds,2021-10-30 22:54:58
603,Bambanglipuro,ID,-7.95,110.2833,78.03,89,88,4.38,overcast clouds,2021-10-30 22:54:58
604,Biak,ID,-0.9131,122.8766,78.24,80,100,1.88,overcast clouds,2021-10-30 22:54:59
605,Coari,BR,-4.085,-63.1414,80.15,72,72,0.36,broken clouds,2021-10-30 22:54:59
606,Kandi,BJ,11.1342,2.9386,77.92,32,33,2.95,scattered clouds,2021-10-30 22:55:00
607,Olafsvik,IS,64.8945,-23.7142,42.37,83,73,22.12,broken clouds,2021-10-30 22:55:01
608,Fairbanks,US,64.8378,-147.7164,43.14,63,1,11.5,clear sky,2021-10-30 22:50:02
609,North Bend,US,43.4065,-124.2243,61.16,97,90,6.91,overcast clouds,2021-10-30 22:55:02
610,Sinnamary,GF,5.3833,-52.95,79.18,83,14,6.49,few clouds,2021-10-30 22:55:03
611,General Roca,AR,-39.0333,-67.5833,66.6,20,100,16.58,overcast clouds,2021-10-30 22:55:04
612,Lingao,CN,19.9103,109.6859,73.99,90,80,11.05,broken clouds,2021-10-30 22:55:05
613,Sharjah,AE,25.3573,55.4033,82.38,67,0,2.3,clear sky,2021-10-30 22:53:09
614,Lyndon,US,38.2567,-85.6016,56.8,87,90,3.0,overcast clouds,2021-10-30 22:55:06
615,Gorontalo,ID,0.5412,123.0595,78.28,86,98,2.04,overcast clouds,2021-10-30 22:55:07
616,Kathmandu,NP,27.7167,85.3167,55.62,94,20,3.44,few clouds,2021-10-30 22:54:02
617,Pangody,RU,65.85,74.4859,12.29,93,100,16.11,light snow,2021-10-30 22:55:08
618,San Quintin,MX,30.4833,-115.95,67.59,72,0,11.99,clear sky,2021-10-30 22:55:09
619,Pyinmana,MM,19.7333,96.2167,71.1,95,33,2.33,scattered clouds,2021-10-30 22:55:09
620,Chicama,PE,-7.8447,-79.1469,61.34,75,39,7.2,scattered clouds,2021-10-30 22:55:10
621,Yugorsk,RU,61.3133,63.3319,14.67,98,67,2.33,broken clouds,2021-10-30 22:55:10
622,Tchibanga,GA,-2.85,11.0333,72.3,98,100,2.75,light rain,2021-10-30 22:55:10
623,Bagdarin,RU,54.4333,113.6,19.47,74,33,0.83,scattered clouds,2021-10-30 22:55:11
624,Hofn,IS,64.2539,-15.2082,43.59,71,100,13.58,overcast clouds,2021-10-30 22:55:11
625,Ordzhonikidze,KZ,52.4411,61.7408,42.17,82,100,17.16,overcast clouds,2021-10-30 22:55:12
626,Peleduy,RU,59.6289,112.7406,31.5,97,100,9.98,snow,2021-10-30 22:55:13
627,Labuhan,ID,-6.8844,112.2051,80.37,81,92,4.43,overcast clouds,2021-10-30 22:55:13
628,Constitucion,CL,-35.3333,-72.4167,57.4,79,100,12.62,overcast clouds,2021-10-30 22:55:14
629,Namikupa,TZ,-10.8333,39.6,67.93,97,16,3.36,few clouds,2021-10-30 22:55:14
630,Tepotzotlan,MX,19.7139,-99.2244,73.65,28,11,8.86,few clouds,2021-10-30 22:50:49
631,Port Blair,IN,11.6667,92.75,80.47,81,99,4.07,overcast clouds,2021-10-30 22:55:15
632,Sistranda,NO,63.7256,8.834,51.91,69,100,30.49,overcast clouds,2021-10-30 22:55:15
633,Lawrenceville,US,33.9562,-83.988,55.11,91,75,11.5,mist,2021-10-30 22:54:25
634,Norsup,VU,-16.0667,167.3833,83.21,66,5,8.3,clear sky,2021-10-30 22:55:16
635,Carbonia,IT,39.1672,8.5222,63.99,94,100,3.6,overcast clouds,2021-10-30 22:55:17
636,Contramaestre,CU,20.2978,-76.2414,74.16,94,100,1.74,overcast clouds,2021-10-30 22:55:18
637,Beian,NO,63.6559,9.5683,52.02,62,40,16.11,scattered clouds,2021-10-30 22:55:18
638,Abu Samrah,SY,35.3029,37.1841,65.64,50,51,5.35,broken clouds,2021-10-30 22:55:19
639,Lakes Entrance,AU,-37.8811,147.981,61.16,54,4,7.49,clear sky,2021-10-30 22:55:20
640,Mezen,RU,65.8522,44.24,32.43,99,100,5.35,snow,2021-10-30 22:55:20
641,Ambilobe,MG,-13.2,49.05,74.43,83,85,1.99,overcast clouds,2021-10-30 22:51:41
642,Itagi,BR,-14.1628,-40.0061,71.2,89,95,4.21,overcast clouds,2021-10-30 22:55:21
643,Kihei,US,20.785,-156.4656,85.26,69,2,2.89,clear sky,2021-10-30 22:55:16
644,Gejiu,CN,23.306,103.1635,51.93,97,99,3.8,overcast clouds,2021-10-30 22:55:22
645,Yarada,IN,17.65,83.2667,79.12,94,20,2.3,mist,2021-10-30 22:55:23
646,Honiara,SB,-9.4333,159.95,87.39,65,67,7.2,broken clouds,2021-10-30 22:55:23
647,Khovu-Aksy,RU,51.1333,93.6,31.03,77,100,4.14,overcast clouds,2021-10-30 22:55:24
648,Ayan,RU,56.45,138.1667,22.6,52,0,18.63,clear sky,2021-10-30 22:55:24
649,Aden,YE,12.7794,45.0367,84.15,72,22,24.32,few clouds,2021-10-30 22:55:25
650,Takoradi,GH,4.8845,-1.7554,78.24,87,92,8.75,overcast clouds,2021-10-30 22:55:26
651,Okhotsk,RU,59.3833,143.3,11.17,70,14,23.69,few clouds,2021-10-30 22:55:26
652,Terney,RU,45.0503,136.6092,46.45,66,100,5.28,overcast clouds,2021-10-30 22:55:27
653,Saint-Georges,GD,12.0564,-61.7485,80.28,78,20,10.36,few clouds,2021-10-30 22:55:27
654,Kamiiso,JP,41.8167,140.65,46.78,87,75,6.91,broken clouds,2021-10-30 22:55:28
655,Ndele,CF,8.4109,20.6473,73.47,63,77,0.81,broken clouds,2021-10-30 22:55:29
656,Malakal,SS,9.5334,31.6605,78.3,63,72,3.09,broken clouds,2021-10-30 22:55:29
657,Tiznit,MA,29.5833,-9.5,64.72,52,0,0.96,clear sky,2021-10-30 22:55:30
658,Ongandjera,NA,-17.8833,15.0667,77.04,18,16,12.8,few clouds,2021-10-30 22:55:30
659,Charters Towers,AU,-20.1,146.2667,85.15,46,16,8.08,few clouds,2021-10-30 22:55:31
660,Knysna,ZA,-34.0363,23.0471,62.98,91,61,5.08,broken clouds,2021-10-30 22:55:31
661,Maniwaki,CA,46.3834,-75.966,48.74,93,100,3.44,overcast clouds,2021-10-30 22:55:31
662,Kwinana,AU,-32.25,115.7667,60.82,80,52,5.99,broken clouds,2021-10-30 22:55:32
663,Zhongxing,CN,33.7039,118.6792,58.37,72,11,5.06,light rain,2021-10-30 22:55:33
664,Duku,NG,11.2361,4.9073,78.46,27,100,3.36,overcast clouds,2021-10-30 22:55:33
665,Reriutaba,BR,-4.1417,-40.5822,84.31,51,70,1.57,broken clouds,2021-10-30 22:55:34
666,Hachinohe,JP,40.5,141.5,48.81,77,100,4.88,overcast clouds,2021-10-30 22:55:35
667,Pulsano,IT,40.3821,17.3564,58.82,76,0,1.63,clear sky,2021-10-30 22:55:35
668,Verkhniy Landekh,RU,56.8389,42.5994,43.21,97,54,6.42,broken clouds,2021-10-30 22:55:36
669,Garwolin,PL,51.8975,21.6147,54.68,57,4,10.09,clear sky,2021-10-30 22:55:36
670,La Ronge,CA,55.1001,-105.2842,37.65,60,90,11.5,overcast clouds,2021-10-30 22:55:37
671,Naryan-Mar,RU,67.6713,53.087,17.42,92,100,13.49,overcast clouds,2021-10-30 22:55:37
672,Dukat,RU,62.55,155.55,-1.52,95,100,4.27,overcast clouds,2021-10-30 22:55:38
673,Boddam,GB,57.4667,-1.7833,45.39,78,12,12.1,few clouds,2021-10-30 22:55:39
674,Akyab,MM,20.15,92.9,77.13,84,59,4.03,broken clouds,2021-10-30 22:55:39
675,Faya,SA,18.3851,42.4509,59.11,51,0,5.53,clear sky,2021-10-30 22:55:40
676,Jaru,BR,-10.4389,-62.4664,79.63,69,77,3.53,broken clouds,2021-10-30 22:55:40
677,Narasimharajapura,IN,13.6167,75.5167,68.34,97,100,3.22,overcast clouds,2021-10-30 22:55:41
678,Smolenka,RU,52.1352,113.4974,6.87,85,10,0.0,clear sky,2021-10-30 22:55:41
679,Zahir Pir,PK,28.8124,70.524,72.57,18,0,7.14,clear sky,2021-10-30 22:55:42
680,Nantucket,US,41.2835,-70.0995,62.74,93,90,20.71,mist,2021-10-30 22:55:42
681,Trairi,BR,-3.2778,-39.2689,79.52,77,26,7.45,scattered clouds,2021-10-30 22:54:12
682,Nyurba,RU,63.2842,118.3319,24.42,95,100,8.41,light snow,2021-10-30 22:55:43
683,Vestmannaeyjar,IS,63.4427,-20.2734,43.68,77,84,3.69,broken clouds,2021-10-30 22:55:43
684,Saint-Ambroise,CA,48.5501,-71.3324,48.58,57,89,8.05,overcast clouds,2021-10-30 22:55:44
685,Heilbron,ZA,-27.2812,27.9709,51.93,76,0,7.61,clear sky,2021-10-30 22:55:44
686,San Carlos Del Zulia,VE,9.0,-71.9135,78.49,85,100,5.23,overcast clouds,2021-10-30 22:55:45
687,Orocue,CO,4.7912,-71.3354,73.85,92,100,3.31,overcast clouds,2021-10-30 22:55:45
688,Marawi,PH,7.9986,124.2928,67.64,93,53,1.23,broken clouds,2021-10-30 22:55:46
689,Were Ilu,ET,10.6,39.4333,43.63,77,50,6.69,scattered clouds,2021-10-30 22:55:46
690,Bijie,CN,27.3125,105.2942,49.86,93,100,4.05,overcast clouds,2021-10-30 22:55:47
691,Collie,AU,-33.3667,116.15,51.8,84,77,2.82,broken clouds,2021-10-30 22:55:47
692,Otta,NO,61.7712,9.5353,43.5,98,100,7.25,overcast clouds,2021-10-30 22:55:48
693,Kjopsvik,NO,68.097,16.3742,48.16,91,100,7.94,overcast clouds,2021-10-30 22:55:48
694,Bracebridge,CA,45.0334,-79.3163,47.05,87,90,4.61,overcast clouds,2021-10-30 22:53:47
695,Gweru,ZW,-19.45,29.8167,65.64,67,81,2.15,broken clouds,2021-10-30 22:55:49
696,Winslow,US,35.0242,-110.6974,77.18,15,1,4.61,clear sky,2021-10-30 22:52:45
697,Maragogi,BR,-9.0122,-35.2225,77.2,75,3,10.92,clear sky,2021-10-30 22:51:43
698,Kamenka,RU,51.3223,42.7678,40.35,78,6,6.55,clear sky,2021-10-30 22:55:50
699,Anuradhapura,LK,8.3565,80.4173,74.64,95,100,2.24,overcast clouds,2021-10-30 22:55:51
700,Kemi,FI,65.8596,24.8228,42.57,100,90,10.36,overcast clouds,2021-10-30 22:55:51
701,Buraydah,SA,26.326,43.975,73.85,37,0,10.07,clear sky,2021-10-30 22:55:52
702,Rio Gallegos,AR,-51.6226,-69.2181,57.25,38,0,16.11,clear sky,2021-10-30 22:55:53
703,Manaure,CO,11.7751,-72.4445,80.83,79,96,8.55,overcast clouds,2021-10-30 22:55:53
704,Southbridge,US,42.0751,-72.0334,59.38,98,100,8.01,light rain,2021-10-30 22:55:54
705,Puerto Colombia,CO,10.9878,-74.9547,80.69,80,100,9.22,overcast clouds,2021-10-30 22:55:54
706,Kismayo,SO,-0.3582,42.5454,78.71,83,21,11.14,few clouds,2021-10-30 22:55:54
707,Marzuq,YE,14.4,46.4667,72.3,62,78,2.66,broken clouds,2021-10-30 22:55:55
708,Huilong,CN,31.8111,121.655,63.03,76,52,3.76,broken clouds,2021-10-30 22:55:56
709,Chabahar,IR,25.2919,60.643,81.03,49,1,2.71,clear sky,2021-10-30 22:55:56
